id;nom;is_admin;email;mot_de_passe
1;Burundi Frozen Concrete;false;Agrippin90@yahoo.fr;innovative
2;Account monetize viral;true;Agathe.Noel6@hotmail.fr;Avon Fantastic SSL
3;set;true;Fulgence.Schmitt@yahoo.fr;b
4;Granite drive;true;liane.Paris@gmail.com;calculate a brand
5;withdrawal;false;Marianne.Nguyen@gmail.com;connecting Clothing out-of-the-box
6;Keyboard;true;Narcisse.Denis@yahoo.fr;invoice azure c
7;Wooden installation Fresh;true;Jules10@yahoo.fr;Lorraine tangible incremental
8;FTP;false;Agathe.Guillaume@yahoo.fr;a Designer
9;synthesizing Credit;true;Xnophon89@gmail.com;Games Fresh Adaptive
10;Concrete discrete;false;Arsino_Richard@gmail.com;THX Swaziland
